PRAGMA foreign_keys=OFF;
BEGIN TRANSACTION;
CREATE TABLE IF NOT EXISTS "migrations" ("id" integer primary key autoincrement not null, "migration" varchar not null, "batch" integer not null);
INSERT INTO migrations VALUES(1,'0001_01_01_000000_create_users_table',1);
INSERT INTO migrations VALUES(2,'0001_01_01_000001_create_cache_table',1);
INSERT INTO migrations VALUES(3,'0001_01_01_000002_create_jobs_table',1);
INSERT INTO migrations VALUES(4,'2025_01_01_000001_create_businesses_table',1);
INSERT INTO migrations VALUES(5,'2025_01_01_000002_create_products_table',1);
INSERT INTO migrations VALUES(6,'2025_01_01_000003_create_transactions_table',1);
INSERT INTO migrations VALUES(7,'2025_01_01_000004_create_transaction_details_table',1);
CREATE TABLE IF NOT EXISTS "password_reset_tokens" ("email" varchar not null, "token" varchar not null, "created_at" datetime, primary key ("email"));
CREATE TABLE IF NOT EXISTS "sessions" ("id" varchar not null, "user_id" integer, "ip_address" varchar, "user_agent" text, "payload" text not null, "last_activity" integer not null, primary key ("id"));
INSERT INTO sessions VALUES('n5DGhVTwPNmAWT1S1HaWGkz2wlHce0vnoedqsL2d',NULL,'127.0.0.1','curl/8.7.1','eyJfdG9rZW4iOiJvSk84VVZsZW9kaXNRZEtsN2gxcUM2c1JsWHZXME1ZY1BQUGRPdlhRIiwiX3ByZXZpb3VzIjp7InVybCI6Imh0dHA6XC9cL2xvY2FsaG9zdDo4MDAwIiwicm91dGUiOm51bGx9LCJfZmxhc2giOnsib2xkIjpbXSwibmV3IjpbXX19',1781054571);
INSERT INTO sessions VALUES('bcbB7PQDiE5oMy06nx7J6U8dt3tOLSkzdimKAQIt',NULL,'127.0.0.1','curl/8.7.1','eyJfdG9rZW4iOiJDbzIybU1iNFVpWlhYQ01WQWIzMmF4VWMxSlRjUEN6U1BBaDJTU0Z2IiwiX3ByZXZpb3VzIjp7InVybCI6Imh0dHA6XC9cL2xvY2FsaG9zdDo4MDAwXC9sb2dpbiIsInJvdXRlIjoibG9naW4ifSwiX2ZsYXNoIjp7Im9sZCI6W10sIm5ldyI6W119fQ==',1781054571);
INSERT INTO sessions VALUES('Dy3f9r17Tm9RAWYHkPH3R1u3M3pjOuXgJFF3sHhh',NULL,'127.0.0.1','curl/8.7.1','eyJfdG9rZW4iOiJCcXozbXY1bk1OMUZJdEh5U1ZYZER6Y1pqd09wZlFrakNJbWs0eW5xIiwiX3ByZXZpb3VzIjp7InVybCI6Imh0dHA6XC9cL2xvY2FsaG9zdDo4MDAwXC9yZWdpc3RlciIsInJvdXRlIjoicmVnaXN0ZXIifSwiX2ZsYXNoIjp7Im9sZCI6W10sIm5ldyI6W119fQ==',1781054571);
INSERT INTO sessions VALUES('iweOv2f1Yp9hH3HaLSbgXOSIYu8LM8vVLNkcrMtX',NULL,'127.0.0.1','curl/8.7.1','eyJfdG9rZW4iOiJVaHFpWEhIZmZxQ3k1dElYb2llc0w1Rk16SnRvYm94dVZaUzlRZkh5IiwiX3ByZXZpb3VzIjp7InVybCI6Imh0dHA6XC9cL2xvY2FsaG9zdDo4MDAwXC9kYXNoYm9hcmQiLCJyb3V0ZSI6ImRhc2hib2FyZCJ9LCJfZmxhc2giOnsib2xkIjpbXSwibmV3IjpbXX0sInVybCI6eyJpbnRlbmRlZCI6Imh0dHA6XC9cL2xvY2FsaG9zdDo4MDAwXC9kYXNoYm9hcmQifX0=',1781054597);
INSERT INTO sessions VALUES('n0rHnLdVaftnDAC7iTXFVN1dokdZIrqTkrFmuWcc',1,'127.0.0.1','curl/8.7.1','eyJfdG9rZW4iOiJtWDJ0QWJqTGtSUVJhamF4T2RsQ292WmtvYlVYWHVwRTZFaHduNFBYIiwiX3ByZXZpb3VzIjp7InVybCI6Imh0dHA6XC9cL2xvY2FsaG9zdDo4MDAwXC9kYXNoYm9hcmQiLCJyb3V0ZSI6ImRhc2hib2FyZCJ9LCJfZmxhc2giOnsib2xkIjpbXSwibmV3IjpbXX0sImxvZ2luX3dlYl81OWJhMzZhZGRjMmIyZjk0MDE1ODBmMDE0YzdmNThlYTRlMzA5ODlkIjoxfQ==',1781054624);
INSERT INTO sessions VALUES('ClNzQVpvEulSHInRZmzhSmuVVTtfh4o5zzkQ4jwx',2,'127.0.0.1','curl/8.7.1','eyJfdG9rZW4iOiJaUWo0Q3ZoM1RZTHd0Z3lDOHltaExLV1FsYk5rRW44a0lDU1hoVUJuIiwiX3ByZXZpb3VzIjp7InVybCI6Imh0dHA6XC9cL2xvY2FsaG9zdDo4MDAwXC9kYXNoYm9hcmQiLCJyb3V0ZSI6ImRhc2hib2FyZCJ9LCJfZmxhc2giOnsib2xkIjpbXSwibmV3IjpbXX0sImxvZ2luX3dlYl81OWJhMzZhZGRjMmIyZjk0MDE1ODBmMDE0YzdmNThlYTRlMzA5ODlkIjoyfQ==',1781054642);
CREATE TABLE IF NOT EXISTS "cache" ("key" varchar not null, "value" text not null, "expiration" integer not null, primary key ("key"));
CREATE TABLE IF NOT EXISTS "cache_locks" ("key" varchar not null, "owner" varchar not null, "expiration" integer not null, primary key ("key"));
CREATE TABLE IF NOT EXISTS "jobs" ("id" integer primary key autoincrement not null, "queue" varchar not null, "payload" text not null, "attempts" integer not null, "reserved_at" integer, "available_at" integer not null, "created_at" integer not null);
CREATE TABLE IF NOT EXISTS "job_batches" ("id" varchar not null, "name" varchar not null, "total_jobs" integer not null, "pending_jobs" integer not null, "failed_jobs" integer not null, "failed_job_ids" text not null, "options" text, "cancelled_at" integer, "created_at" integer not null, "finished_at" integer, primary key ("id"));
CREATE TABLE IF NOT EXISTS "failed_jobs" ("id" integer primary key autoincrement not null, "uuid" varchar not null, "connection" varchar not null, "queue" varchar not null, "payload" text not null, "exception" text not null, "failed_at" datetime not null default CURRENT_TIMESTAMP);
CREATE TABLE IF NOT EXISTS "businesses" ("id" integer primary key autoincrement not null, "user_id" integer not null, "name" varchar not null, "category" varchar, "contact" varchar, "address" text, "description" text, "created_at" datetime, "updated_at" datetime, foreign key("user_id") references "users"("id") on delete cascade);
INSERT INTO businesses VALUES(1,1,'Warung Kopi Bali Wayan','Food & Beverage','081234567890','Jl. Raya Ubud No. 23, Gianyar, Bali','Warung kopi tradisional Bali dengan sentuhan modern, menyajikan kopi khas Kintamani dan makanan ringan lokal.','2026-06-10 01:22:19','2026-06-10 01:22:19');
CREATE TABLE IF NOT EXISTS "users" ("id" integer primary key autoincrement not null, "name" varchar not null, "role" varchar not null default ('owner'), "business_id" integer, "email" varchar not null, "email_verified_at" datetime, "password" varchar not null, "remember_token" varchar, "created_at" datetime, "updated_at" datetime, foreign key("business_id") references "businesses"("id") on delete set null);
INSERT INTO users VALUES(1,'Wayan Sudirta','owner',NULL,'owner@smart-umkm.test','2026-06-10 01:22:19','$2y$12$oBxzCPkgeFBhfqI.3HSMPOVQeweY60APzZjKvgv.JlTJp6Q229mKm',NULL,'2026-06-10 01:22:19','2026-06-10 01:22:19');
INSERT INTO users VALUES(2,'Kadek Sari','cashier',1,'cashier@smart-umkm.test','2026-06-10 01:22:19','$2y$12$QhlhsLDXnHJ/L1O6B/.gce0KIrSD25KZA.N2JySdKkElxXhCuj75O',NULL,'2026-06-10 01:22:19','2026-06-10 01:22:19');
CREATE TABLE IF NOT EXISTS "products" ("id" integer primary key autoincrement not null, "business_id" integer not null, "name" varchar not null, "cost_price" numeric not null, "sell_price" numeric not null, "stock" integer not null default '0', "min_stock" integer not null default '5', "created_at" datetime, "updated_at" datetime, foreign key("business_id") references "businesses"("id") on delete cascade);
INSERT INTO products VALUES(1,1,'Kopi Bali Kintamani',8000,18000,150,20,'2026-06-10 01:22:19','2026-06-10 01:22:19');
INSERT INTO products VALUES(2,1,'Es Kopi Susu Bali',10000,22000,100,15,'2026-06-10 01:22:19','2026-06-10 01:22:19');
INSERT INTO products VALUES(3,1,'Teh Jawa Manis',3000,8000,200,25,'2026-06-10 01:22:19','2026-06-10 01:22:19');
INSERT INTO products VALUES(4,1,'Pie Susu Bali',5000,12000,80,10,'2026-06-10 01:22:19','2026-06-10 01:22:19');
INSERT INTO products VALUES(5,1,'Nasi Campur Bali',15000,28000,50,8,'2026-06-10 01:22:19','2026-06-10 01:22:19');
INSERT INTO products VALUES(6,1,'Sate Lilit Ikan',12000,25000,40,5,'2026-06-10 01:22:19','2026-06-10 01:22:19');
INSERT INTO products VALUES(7,1,'Lawar Bali',13000,26000,30,5,'2026-06-10 01:22:19','2026-06-10 01:22:19');
INSERT INTO products VALUES(8,1,'Jus Mangga Segar',7000,15000,60,10,'2026-06-10 01:22:19','2026-06-10 01:22:19');
INSERT INTO products VALUES(9,1,'Klepon Bali',4000,10000,3,5,'2026-06-10 01:22:19','2026-06-10 01:22:19');
INSERT INTO products VALUES(10,1,'Kerupuk Udang Homemade',6000,14000,45,8,'2026-06-10 01:22:19','2026-06-10 01:22:19');
CREATE TABLE IF NOT EXISTS "transactions" ("id" integer primary key autoincrement not null, "business_id" integer not null, "user_id" integer not null, "invoice_number" varchar not null, "total_amount" numeric not null, "total_cost" numeric not null, "payment_amount" numeric not null, "change_amount" numeric not null, "notes" text, "created_at" datetime, "updated_at" datetime, foreign key("business_id") references "businesses"("id") on delete cascade, foreign key("user_id") references "users"("id") on delete cascade);
INSERT INTO transactions VALUES(1,1,2,'INV-20260512-0001',208000,104000,210000,2000,NULL,'2026-05-12 14:49:19','2026-05-12 13:28:19');
INSERT INTO transactions VALUES(2,1,1,'INV-20260513-0001',129000,62000,130000,1000,NULL,'2026-05-13 16:26:19','2026-05-13 14:23:19');
INSERT INTO transactions VALUES(3,1,2,'INV-20260514-0001',180000,79000,180000,0,NULL,'2026-05-14 13:54:19','2026-05-14 15:36:19');
INSERT INTO transactions VALUES(4,1,1,'INV-20260514-0002',70000,30000,70000,0,NULL,'2026-05-14 11:10:19','2026-05-14 22:17:19');
INSERT INTO transactions VALUES(5,1,1,'INV-20260514-0003',90000,38000,90000,0,NULL,'2026-05-14 17:43:19','2026-05-14 20:51:19');
INSERT INTO transactions VALUES(6,1,1,'INV-20260514-0004',24000,10000,25000,1000,NULL,'2026-05-14 10:31:19','2026-05-14 11:28:19');
INSERT INTO transactions VALUES(7,1,1,'INV-20260515-0001',149000,67000,150000,1000,NULL,'2026-05-15 11:49:19','2026-05-15 12:59:19');
INSERT INTO transactions VALUES(8,1,1,'INV-20260515-0002',110000,49000,110000,0,NULL,'2026-05-15 17:11:19','2026-05-15 18:11:19');
INSERT INTO transactions VALUES(9,1,1,'INV-20260515-0003',135000,62000,135000,0,NULL,'2026-05-15 18:22:19','2026-05-15 10:30:19');
INSERT INTO transactions VALUES(10,1,1,'INV-20260515-0004',42000,18000,45000,3000,NULL,'2026-05-15 12:13:19','2026-05-15 09:41:19');
INSERT INTO transactions VALUES(11,1,1,'INV-20260516-0001',66000,28000,70000,4000,NULL,'2026-05-16 16:54:19','2026-05-16 12:44:19');
INSERT INTO transactions VALUES(12,1,2,'INV-20260516-0002',126000,54000,130000,4000,NULL,'2026-05-16 18:47:19','2026-05-16 19:07:19');
INSERT INTO transactions VALUES(13,1,1,'INV-20260517-0001',24000,10000,25000,1000,NULL,'2026-05-17 16:48:19','2026-05-17 11:33:19');
INSERT INTO transactions VALUES(14,1,1,'INV-20260518-0001',10000,4000,10000,0,NULL,'2026-05-18 16:51:19','2026-05-18 15:04:19');
INSERT INTO transactions VALUES(15,1,1,'INV-20260518-0002',123000,55000,125000,2000,NULL,'2026-05-18 14:51:19','2026-05-18 17:12:19');
INSERT INTO transactions VALUES(16,1,1,'INV-20260518-0003',112000,51000,115000,3000,NULL,'2026-05-18 15:59:19','2026-05-18 20:32:19');
INSERT INTO transactions VALUES(17,1,1,'INV-20260519-0001',62000,29000,65000,3000,NULL,'2026-05-19 20:40:19','2026-05-19 13:48:19');
INSERT INTO transactions VALUES(18,1,2,'INV-20260519-0002',150000,71000,150000,0,NULL,'2026-05-19 22:00:19','2026-05-19 19:59:19');
INSERT INTO transactions VALUES(19,1,1,'INV-20260520-0001',139000,66000,140000,1000,NULL,'2026-05-20 09:40:19','2026-05-20 21:25:19');
INSERT INTO transactions VALUES(20,1,1,'INV-20260520-0002',18000,8000,20000,2000,NULL,'2026-05-20 19:55:19','2026-05-20 15:01:19');
INSERT INTO transactions VALUES(21,1,2,'INV-20260520-0003',36000,15000,40000,4000,NULL,'2026-05-20 16:57:19','2026-05-20 15:24:19');
INSERT INTO transactions VALUES(22,1,2,'INV-20260521-0001',85000,40000,85000,0,NULL,'2026-05-21 20:30:19','2026-05-21 19:59:19');
INSERT INTO transactions VALUES(23,1,2,'INV-20260521-0002',20000,8000,20000,0,NULL,'2026-05-21 18:32:19','2026-05-21 10:50:19');
INSERT INTO transactions VALUES(24,1,1,'INV-20260521-0003',128000,63000,130000,2000,NULL,'2026-05-21 17:27:19','2026-05-21 13:10:19');
INSERT INTO transactions VALUES(25,1,1,'INV-20260522-0001',81000,37000,85000,4000,NULL,'2026-05-22 21:01:19','2026-05-22 21:29:19');
INSERT INTO transactions VALUES(26,1,2,'INV-20260522-0002',78000,36000,80000,2000,NULL,'2026-05-22 21:33:19','2026-05-22 21:41:19');
INSERT INTO transactions VALUES(27,1,2,'INV-20260522-0003',72000,34000,75000,3000,NULL,'2026-05-22 10:28:19','2026-05-22 19:47:19');
INSERT INTO transactions VALUES(28,1,2,'INV-20260523-0001',104000,48000,105000,1000,NULL,'2026-05-23 22:20:19','2026-05-23 15:48:19');
INSERT INTO transactions VALUES(29,1,1,'INV-20260523-0002',15000,7000,15000,0,NULL,'2026-05-23 19:07:19','2026-05-23 13:12:19');
INSERT INTO transactions VALUES(30,1,1,'INV-20260524-0001',62000,28000,65000,3000,NULL,'2026-05-24 16:04:19','2026-05-24 15:45:19');
INSERT INTO transactions VALUES(31,1,1,'INV-20260524-0002',182000,86000,185000,3000,NULL,'2026-05-24 16:13:19','2026-05-24 19:55:19');
INSERT INTO transactions VALUES(32,1,1,'INV-20260524-0003',172000,87000,175000,3000,NULL,'2026-05-24 17:49:19','2026-05-24 18:53:19');
INSERT INTO transactions VALUES(33,1,2,'INV-20260525-0001',183000,88000,185000,2000,NULL,'2026-05-25 19:49:19','2026-05-25 21:13:19');
INSERT INTO transactions VALUES(34,1,2,'INV-20260526-0001',153000,75000,155000,2000,NULL,'2026-05-26 11:27:19','2026-05-26 16:42:19');
INSERT INTO transactions VALUES(35,1,2,'INV-20260526-0002',10000,4000,10000,0,NULL,'2026-05-26 20:35:19','2026-05-26 11:39:19');
INSERT INTO transactions VALUES(36,1,1,'INV-20260526-0003',167000,82000,170000,3000,NULL,'2026-05-26 20:38:19','2026-05-26 12:23:19');
INSERT INTO transactions VALUES(37,1,2,'INV-20260527-0001',66000,28000,70000,4000,NULL,'2026-05-27 14:47:19','2026-05-27 11:18:19');
INSERT INTO transactions VALUES(38,1,2,'INV-20260528-0001',104000,47000,105000,1000,NULL,'2026-05-28 19:02:19','2026-05-28 14:37:19');
INSERT INTO transactions VALUES(39,1,1,'INV-20260528-0002',60000,27000,60000,0,NULL,'2026-05-28 14:46:19','2026-05-28 16:07:19');
INSERT INTO transactions VALUES(40,1,2,'INV-20260529-0001',148000,64000,150000,2000,NULL,'2026-05-29 21:02:19','2026-05-29 20:55:19');
INSERT INTO transactions VALUES(41,1,2,'INV-20260530-0001',25000,12000,25000,0,NULL,'2026-05-30 17:46:19','2026-05-30 10:34:19');
INSERT INTO transactions VALUES(42,1,1,'INV-20260530-0002',116000,49000,120000,4000,NULL,'2026-05-30 18:28:19','2026-05-30 17:09:19');
INSERT INTO transactions VALUES(43,1,2,'INV-20260531-0001',84000,40000,85000,1000,NULL,'2026-05-31 17:34:19','2026-05-31 20:28:19');
INSERT INTO transactions VALUES(44,1,2,'INV-20260531-0002',149000,72000,150000,1000,NULL,'2026-05-31 20:23:19','2026-05-31 13:43:19');
INSERT INTO transactions VALUES(45,1,1,'INV-20260531-0003',96000,48000,100000,4000,NULL,'2026-05-31 18:53:19','2026-05-31 14:58:19');
INSERT INTO transactions VALUES(46,1,2,'INV-20260601-0001',58000,26000,60000,2000,NULL,'2026-06-01 21:54:19','2026-06-01 16:42:19');
INSERT INTO transactions VALUES(47,1,1,'INV-20260601-0002',22000,10000,25000,3000,NULL,'2026-06-01 14:43:19','2026-06-01 11:08:19');
INSERT INTO transactions VALUES(48,1,2,'INV-20260602-0001',84000,42000,85000,1000,NULL,'2026-06-02 13:55:19','2026-06-02 12:46:19');
INSERT INTO transactions VALUES(49,1,1,'INV-20260603-0001',121000,54000,125000,4000,NULL,'2026-06-03 17:50:19','2026-06-03 20:17:19');
INSERT INTO transactions VALUES(50,1,2,'INV-20260603-0002',167000,77000,170000,3000,NULL,'2026-06-03 13:13:19','2026-06-03 19:42:19');
INSERT INTO transactions VALUES(51,1,2,'INV-20260603-0003',119000,54000,120000,1000,NULL,'2026-06-03 22:00:19','2026-06-03 20:32:19');
INSERT INTO transactions VALUES(52,1,2,'INV-20260603-0004',192000,96000,195000,3000,NULL,'2026-06-03 19:50:19','2026-06-03 17:01:19');
INSERT INTO transactions VALUES(53,1,1,'INV-20260604-0001',87000,39000,90000,3000,NULL,'2026-06-04 21:30:19','2026-06-04 11:44:19');
INSERT INTO transactions VALUES(54,1,2,'INV-20260604-0002',92000,41000,95000,3000,NULL,'2026-06-04 17:06:19','2026-06-04 12:24:19');
INSERT INTO transactions VALUES(55,1,1,'INV-20260604-0003',28000,15000,30000,2000,NULL,'2026-06-04 15:29:19','2026-06-04 19:43:19');
INSERT INTO transactions VALUES(56,1,1,'INV-20260604-0004',213000,105000,215000,2000,NULL,'2026-06-04 17:40:19','2026-06-04 10:37:19');
INSERT INTO transactions VALUES(57,1,2,'INV-20260605-0001',76000,37000,80000,4000,NULL,'2026-06-05 22:10:19','2026-06-05 12:36:19');
INSERT INTO transactions VALUES(58,1,1,'INV-20260606-0001',124000,60000,125000,1000,NULL,'2026-06-06 14:35:19','2026-06-06 22:02:19');
INSERT INTO transactions VALUES(59,1,2,'INV-20260607-0001',28000,12000,30000,2000,NULL,'2026-06-07 16:11:19','2026-06-07 18:39:19');
INSERT INTO transactions VALUES(60,1,1,'INV-20260607-0002',177000,82000,180000,3000,NULL,'2026-06-07 10:03:19','2026-06-07 15:44:19');
INSERT INTO transactions VALUES(61,1,2,'INV-20260608-0001',42000,19000,45000,3000,NULL,'2026-06-08 14:10:19','2026-06-08 21:18:19');
INSERT INTO transactions VALUES(62,1,1,'INV-20260608-0002',60000,28000,60000,0,NULL,'2026-06-08 15:29:19','2026-06-08 18:53:19');
INSERT INTO transactions VALUES(63,1,2,'INV-20260608-0003',50000,24000,50000,0,NULL,'2026-06-08 09:43:19','2026-06-08 12:20:19');
INSERT INTO transactions VALUES(64,1,2,'INV-20260608-0004',161000,74000,165000,4000,NULL,'2026-06-08 10:38:19','2026-06-08 15:20:19');
INSERT INTO transactions VALUES(65,1,2,'INV-20260609-0001',197000,95000,200000,3000,NULL,'2026-06-09 19:30:19','2026-06-09 14:41:19');
INSERT INTO transactions VALUES(66,1,1,'INV-20260609-0002',75000,36000,75000,0,NULL,'2026-06-09 10:13:19','2026-06-09 14:42:19');
INSERT INTO transactions VALUES(67,1,1,'INV-20260609-0003',36000,15000,40000,4000,NULL,'2026-06-09 15:04:19','2026-06-09 10:37:19');
INSERT INTO transactions VALUES(68,1,1,'INV-20260610-0001',69000,30000,70000,1000,NULL,'2026-06-10 10:21:19','2026-06-10 21:08:19');
CREATE TABLE IF NOT EXISTS "transaction_details" ("id" integer primary key autoincrement not null, "transaction_id" integer not null, "product_id" integer not null, "product_name" varchar not null, "quantity" integer not null, "cost_price" numeric not null, "sell_price" numeric not null, "subtotal" numeric not null, "created_at" datetime, "updated_at" datetime, foreign key("transaction_id") references "transactions"("id") on delete cascade, foreign key("product_id") references "products"("id") on delete cascade);
INSERT INTO transaction_details VALUES(1,1,1,'Kopi Bali Kintamani',2,8000,18000,36000,'2026-06-10 01:22:19','2026-06-10 01:22:19');
INSERT INTO transaction_details VALUES(2,1,5,'Nasi Campur Bali',3,15000,28000,84000,'2026-06-10 01:22:19','2026-06-10 01:22:19');
INSERT INTO transaction_details VALUES(3,1,7,'Lawar Bali',3,13000,26000,78000,'2026-06-10 01:22:19','2026-06-10 01:22:19');
INSERT INTO transaction_details VALUES(4,1,9,'Klepon Bali',1,4000,10000,10000,'2026-06-10 01:22:19','2026-06-10 01:22:19');
INSERT INTO transaction_details VALUES(5,2,1,'Kopi Bali Kintamani',2,8000,18000,36000,'2026-06-10 01:22:19','2026-06-10 01:22:19');
INSERT INTO transaction_details VALUES(6,2,7,'Lawar Bali',3,13000,26000,78000,'2026-06-10 01:22:19','2026-06-10 01:22:19');
INSERT INTO transaction_details VALUES(7,2,8,'Jus Mangga Segar',1,7000,15000,15000,'2026-06-10 01:22:19','2026-06-10 01:22:19');
INSERT INTO transaction_details VALUES(8,3,1,'Kopi Bali Kintamani',2,8000,18000,36000,'2026-06-10 01:22:19','2026-06-10 01:22:19');
INSERT INTO transaction_details VALUES(9,3,2,'Es Kopi Susu Bali',3,10000,22000,66000,'2026-06-10 01:22:19','2026-06-10 01:22:19');
INSERT INTO transaction_details VALUES(10,3,4,'Pie Susu Bali',3,5000,12000,36000,'2026-06-10 01:22:19','2026-06-10 01:22:19');
INSERT INTO transaction_details VALUES(11,3,10,'Kerupuk Udang Homemade',3,6000,14000,42000,'2026-06-10 01:22:19','2026-06-10 01:22:19');
INSERT INTO transaction_details VALUES(12,4,1,'Kopi Bali Kintamani',1,8000,18000,18000,'2026-06-10 01:22:19','2026-06-10 01:22:19');
INSERT INTO transaction_details VALUES(13,4,9,'Klepon Bali',1,4000,10000,10000,'2026-06-10 01:22:19','2026-06-10 01:22:19');
INSERT INTO transaction_details VALUES(14,4,10,'Kerupuk Udang Homemade',3,6000,14000,42000,'2026-06-10 01:22:19','2026-06-10 01:22:19');
INSERT INTO transaction_details VALUES(15,5,1,'Kopi Bali Kintamani',3,8000,18000,54000,'2026-06-10 01:22:19','2026-06-10 01:22:19');
INSERT INTO transaction_details VALUES(16,5,3,'Teh Jawa Manis',3,3000,8000,24000,'2026-06-10 01:22:19','2026-06-10 01:22:19');
INSERT INTO transaction_details VALUES(17,5,4,'Pie Susu Bali',1,5000,12000,12000,'2026-06-10 01:22:19','2026-06-10 01:22:19');
INSERT INTO transaction_details VALUES(18,6,4,'Pie Susu Bali',2,5000,12000,24000,'2026-06-10 01:22:19','2026-06-10 01:22:19');
INSERT INTO transaction_details VALUES(19,7,3,'Teh Jawa Manis',3,3000,8000,24000,'2026-06-10 01:22:19','2026-06-10 01:22:19');
INSERT INTO transaction_details VALUES(20,7,6,'Sate Lilit Ikan',3,12000,25000,75000,'2026-06-10 01:22:19','2026-06-10 01:22:19');
INSERT INTO transaction_details VALUES(21,7,8,'Jus Mangga Segar',2,7000,15000,30000,'2026-06-10 01:22:19','2026-06-10 01:22:19');
INSERT INTO transaction_details VALUES(22,7,9,'Klepon Bali',2,4000,10000,20000,'2026-06-10 01:22:19','2026-06-10 01:22:19');
INSERT INTO transaction_details VALUES(23,8,1,'Kopi Bali Kintamani',3,8000,18000,54000,'2026-06-10 01:22:19','2026-06-10 01:22:19');
INSERT INTO transaction_details VALUES(24,8,7,'Lawar Bali',1,13000,26000,26000,'2026-06-10 01:22:19','2026-06-10 01:22:19');
INSERT INTO transaction_details VALUES(25,8,9,'Klepon Bali',3,4000,10000,30000,'2026-06-10 01:22:19','2026-06-10 01:22:19');
INSERT INTO transaction_details VALUES(26,9,1,'Kopi Bali Kintamani',1,8000,18000,18000,'2026-06-10 01:22:19','2026-06-10 01:22:19');
INSERT INTO transaction_details VALUES(27,9,6,'Sate Lilit Ikan',3,12000,25000,75000,'2026-06-10 01:22:19','2026-06-10 01:22:19');
INSERT INTO transaction_details VALUES(28,9,10,'Kerupuk Udang Homemade',3,6000,14000,42000,'2026-06-10 01:22:19','2026-06-10 01:22:19');
INSERT INTO transaction_details VALUES(29,10,10,'Kerupuk Udang Homemade',3,6000,14000,42000,'2026-06-10 01:22:19','2026-06-10 01:22:19');
INSERT INTO transaction_details VALUES(30,11,4,'Pie Susu Bali',2,5000,12000,24000,'2026-06-10 01:22:19','2026-06-10 01:22:19');
INSERT INTO transaction_details VALUES(31,11,10,'Kerupuk Udang Homemade',3,6000,14000,42000,'2026-06-10 01:22:19','2026-06-10 01:22:19');
INSERT INTO transaction_details VALUES(32,12,1,'Kopi Bali Kintamani',3,8000,18000,54000,'2026-06-10 01:22:19','2026-06-10 01:22:19');
INSERT INTO transaction_details VALUES(33,12,9,'Klepon Bali',3,4000,10000,30000,'2026-06-10 01:22:19','2026-06-10 01:22:19');
INSERT INTO transaction_details VALUES(34,12,10,'Kerupuk Udang Homemade',3,6000,14000,42000,'2026-06-10 01:22:19','2026-06-10 01:22:19');
INSERT INTO transaction_details VALUES(35,13,4,'Pie Susu Bali',2,5000,12000,24000,'2026-06-10 01:22:19','2026-06-10 01:22:19');
INSERT INTO transaction_details VALUES(36,14,9,'Klepon Bali',1,4000,10000,10000,'2026-06-10 01:22:19','2026-06-10 01:22:19');
INSERT INTO transaction_details VALUES(37,15,1,'Kopi Bali Kintamani',3,8000,18000,54000,'2026-06-10 01:22:19','2026-06-10 01:22:19');
INSERT INTO transaction_details VALUES(38,15,8,'Jus Mangga Segar',3,7000,15000,45000,'2026-06-10 01:22:19','2026-06-10 01:22:19');
INSERT INTO transaction_details VALUES(39,15,9,'Klepon Bali',1,4000,10000,10000,'2026-06-10 01:22:19','2026-06-10 01:22:19');
INSERT INTO transaction_details VALUES(40,15,10,'Kerupuk Udang Homemade',1,6000,14000,14000,'2026-06-10 01:22:19','2026-06-10 01:22:19');
INSERT INTO transaction_details VALUES(41,16,6,'Sate Lilit Ikan',1,12000,25000,25000,'2026-06-10 01:22:19','2026-06-10 01:22:19');
INSERT INTO transaction_details VALUES(42,16,8,'Jus Mangga Segar',3,7000,15000,45000,'2026-06-10 01:22:19','2026-06-10 01:22:19');
INSERT INTO transaction_details VALUES(43,16,10,'Kerupuk Udang Homemade',3,6000,14000,42000,'2026-06-10 01:22:19','2026-06-10 01:22:19');
INSERT INTO transaction_details VALUES(44,17,4,'Pie Susu Bali',1,5000,12000,12000,'2026-06-10 01:22:19','2026-06-10 01:22:19');
INSERT INTO transaction_details VALUES(45,17,6,'Sate Lilit Ikan',2,12000,25000,50000,'2026-06-10 01:22:19','2026-06-10 01:22:19');
INSERT INTO transaction_details VALUES(46,18,7,'Lawar Bali',3,13000,26000,78000,'2026-06-10 01:22:19','2026-06-10 01:22:19');
INSERT INTO transaction_details VALUES(47,18,8,'Jus Mangga Segar',2,7000,15000,30000,'2026-06-10 01:22:19','2026-06-10 01:22:19');
INSERT INTO transaction_details VALUES(48,18,10,'Kerupuk Udang Homemade',3,6000,14000,42000,'2026-06-10 01:22:19','2026-06-10 01:22:19');
INSERT INTO transaction_details VALUES(49,19,1,'Kopi Bali Kintamani',1,8000,18000,18000,'2026-06-10 01:22:19','2026-06-10 01:22:19');
INSERT INTO transaction_details VALUES(50,19,7,'Lawar Bali',3,13000,26000,78000,'2026-06-10 01:22:19','2026-06-10 01:22:19');
INSERT INTO transaction_details VALUES(51,19,8,'Jus Mangga Segar',1,7000,15000,15000,'2026-06-10 01:22:19','2026-06-10 01:22:19');
INSERT INTO transaction_details VALUES(52,19,10,'Kerupuk Udang Homemade',2,6000,14000,28000,'2026-06-10 01:22:19','2026-06-10 01:22:19');
INSERT INTO transaction_details VALUES(53,20,1,'Kopi Bali Kintamani',1,8000,18000,18000,'2026-06-10 01:22:19','2026-06-10 01:22:19');
INSERT INTO transaction_details VALUES(54,21,4,'Pie Susu Bali',3,5000,12000,36000,'2026-06-10 01:22:19','2026-06-10 01:22:19');
INSERT INTO transaction_details VALUES(55,22,6,'Sate Lilit Ikan',3,12000,25000,75000,'2026-06-10 01:22:19','2026-06-10 01:22:19');
INSERT INTO transaction_details VALUES(56,22,9,'Klepon Bali',1,4000,10000,10000,'2026-06-10 01:22:19','2026-06-10 01:22:19');
INSERT INTO transaction_details VALUES(57,23,9,'Klepon Bali',2,4000,10000,20000,'2026-06-10 01:22:19','2026-06-10 01:22:19');
INSERT INTO transaction_details VALUES(58,24,6,'Sate Lilit Ikan',2,12000,25000,50000,'2026-06-10 01:22:19','2026-06-10 01:22:19');
INSERT INTO transaction_details VALUES(59,24,7,'Lawar Bali',3,13000,26000,78000,'2026-06-10 01:22:19','2026-06-10 01:22:19');
INSERT INTO transaction_details VALUES(60,25,2,'Es Kopi Susu Bali',3,10000,22000,66000,'2026-06-10 01:22:19','2026-06-10 01:22:19');
INSERT INTO transaction_details VALUES(61,25,8,'Jus Mangga Segar',1,7000,15000,15000,'2026-06-10 01:22:19','2026-06-10 01:22:19');
INSERT INTO transaction_details VALUES(62,26,3,'Teh Jawa Manis',1,3000,8000,8000,'2026-06-10 01:22:19','2026-06-10 01:22:19');
INSERT INTO transaction_details VALUES(63,26,7,'Lawar Bali',1,13000,26000,26000,'2026-06-10 01:22:19','2026-06-10 01:22:19');
INSERT INTO transaction_details VALUES(64,26,8,'Jus Mangga Segar',2,7000,15000,30000,'2026-06-10 01:22:19','2026-06-10 01:22:19');
INSERT INTO transaction_details VALUES(65,26,10,'Kerupuk Udang Homemade',1,6000,14000,14000,'2026-06-10 01:22:19','2026-06-10 01:22:19');
INSERT INTO transaction_details VALUES(66,27,7,'Lawar Bali',2,13000,26000,52000,'2026-06-10 01:22:19','2026-06-10 01:22:19');
INSERT INTO transaction_details VALUES(67,27,9,'Klepon Bali',2,4000,10000,20000,'2026-06-10 01:22:19','2026-06-10 01:22:19');
INSERT INTO transaction_details VALUES(68,28,1,'Kopi Bali Kintamani',2,8000,18000,36000,'2026-06-10 01:22:19','2026-06-10 01:22:19');
INSERT INTO transaction_details VALUES(69,28,3,'Teh Jawa Manis',2,3000,8000,16000,'2026-06-10 01:22:19','2026-06-10 01:22:19');
INSERT INTO transaction_details VALUES(70,28,7,'Lawar Bali',2,13000,26000,52000,'2026-06-10 01:22:19','2026-06-10 01:22:19');
INSERT INTO transaction_details VALUES(71,29,8,'Jus Mangga Segar',1,7000,15000,15000,'2026-06-10 01:22:19','2026-06-10 01:22:19');
INSERT INTO transaction_details VALUES(72,30,1,'Kopi Bali Kintamani',1,8000,18000,18000,'2026-06-10 01:22:19','2026-06-10 01:22:19');
INSERT INTO transaction_details VALUES(73,30,2,'Es Kopi Susu Bali',2,10000,22000,44000,'2026-06-10 01:22:19','2026-06-10 01:22:19');
INSERT INTO transaction_details VALUES(74,31,1,'Kopi Bali Kintamani',2,8000,18000,36000,'2026-06-10 01:22:19','2026-06-10 01:22:19');
INSERT INTO transaction_details VALUES(75,31,2,'Es Kopi Susu Bali',3,10000,22000,66000,'2026-06-10 01:22:19','2026-06-10 01:22:19');
INSERT INTO transaction_details VALUES(76,31,4,'Pie Susu Bali',2,5000,12000,24000,'2026-06-10 01:22:19','2026-06-10 01:22:19');
INSERT INTO transaction_details VALUES(77,31,5,'Nasi Campur Bali',2,15000,28000,56000,'2026-06-10 01:22:19','2026-06-10 01:22:19');
INSERT INTO transaction_details VALUES(78,32,1,'Kopi Bali Kintamani',2,8000,18000,36000,'2026-06-10 01:22:19','2026-06-10 01:22:19');
INSERT INTO transaction_details VALUES(79,32,5,'Nasi Campur Bali',3,15000,28000,84000,'2026-06-10 01:22:19','2026-06-10 01:22:19');
INSERT INTO transaction_details VALUES(80,32,7,'Lawar Bali',2,13000,26000,52000,'2026-06-10 01:22:19','2026-06-10 01:22:19');
INSERT INTO transaction_details VALUES(81,33,1,'Kopi Bali Kintamani',3,8000,18000,54000,'2026-06-10 01:22:19','2026-06-10 01:22:19');
INSERT INTO transaction_details VALUES(82,33,5,'Nasi Campur Bali',1,15000,28000,28000,'2026-06-10 01:22:19','2026-06-10 01:22:19');
INSERT INTO transaction_details VALUES(83,33,6,'Sate Lilit Ikan',3,12000,25000,75000,'2026-06-10 01:22:19','2026-06-10 01:22:19');
INSERT INTO transaction_details VALUES(84,33,7,'Lawar Bali',1,13000,26000,26000,'2026-06-10 01:22:19','2026-06-10 01:22:19');
INSERT INTO transaction_details VALUES(85,34,6,'Sate Lilit Ikan',3,12000,25000,75000,'2026-06-10 01:22:19','2026-06-10 01:22:19');
INSERT INTO transaction_details VALUES(86,34,7,'Lawar Bali',3,13000,26000,78000,'2026-06-10 01:22:19','2026-06-10 01:22:19');
INSERT INTO transaction_details VALUES(87,35,9,'Klepon Bali',1,4000,10000,10000,'2026-06-10 01:22:19','2026-06-10 01:22:19');
INSERT INTO transaction_details VALUES(88,36,1,'Kopi Bali Kintamani',1,8000,18000,18000,'2026-06-10 01:22:19','2026-06-10 01:22:19');
INSERT INTO transaction_details VALUES(89,36,5,'Nasi Campur Bali',3,15000,28000,84000,'2026-06-10 01:22:19','2026-06-10 01:22:19');
INSERT INTO transaction_details VALUES(90,36,8,'Jus Mangga Segar',3,7000,15000,45000,'2026-06-10 01:22:19','2026-06-10 01:22:19');
INSERT INTO transaction_details VALUES(91,36,9,'Klepon Bali',2,4000,10000,20000,'2026-06-10 01:22:19','2026-06-10 01:22:19');
INSERT INTO transaction_details VALUES(92,37,1,'Kopi Bali Kintamani',2,8000,18000,36000,'2026-06-10 01:22:19','2026-06-10 01:22:19');
INSERT INTO transaction_details VALUES(93,37,9,'Klepon Bali',3,4000,10000,30000,'2026-06-10 01:22:19','2026-06-10 01:22:19');
INSERT INTO transaction_details VALUES(94,38,3,'Teh Jawa Manis',3,3000,8000,24000,'2026-06-10 01:22:19','2026-06-10 01:22:19');
INSERT INTO transaction_details VALUES(95,38,6,'Sate Lilit Ikan',2,12000,25000,50000,'2026-06-10 01:22:19','2026-06-10 01:22:19');
INSERT INTO transaction_details VALUES(96,38,8,'Jus Mangga Segar',2,7000,15000,30000,'2026-06-10 01:22:19','2026-06-10 01:22:19');
INSERT INTO transaction_details VALUES(97,39,1,'Kopi Bali Kintamani',1,8000,18000,18000,'2026-06-10 01:22:19','2026-06-10 01:22:19');
INSERT INTO transaction_details VALUES(98,39,4,'Pie Susu Bali',1,5000,12000,12000,'2026-06-10 01:22:19','2026-06-10 01:22:19');
INSERT INTO transaction_details VALUES(99,39,8,'Jus Mangga Segar',2,7000,15000,30000,'2026-06-10 01:22:19','2026-06-10 01:22:19');
INSERT INTO transaction_details VALUES(100,40,1,'Kopi Bali Kintamani',3,8000,18000,54000,'2026-06-10 01:22:19','2026-06-10 01:22:19');
INSERT INTO transaction_details VALUES(101,40,2,'Es Kopi Susu Bali',1,10000,22000,22000,'2026-06-10 01:22:19','2026-06-10 01:22:19');
INSERT INTO transaction_details VALUES(102,40,9,'Klepon Bali',3,4000,10000,30000,'2026-06-10 01:22:19','2026-06-10 01:22:19');
INSERT INTO transaction_details VALUES(103,40,10,'Kerupuk Udang Homemade',3,6000,14000,42000,'2026-06-10 01:22:19','2026-06-10 01:22:19');
INSERT INTO transaction_details VALUES(104,41,6,'Sate Lilit Ikan',1,12000,25000,25000,'2026-06-10 01:22:19','2026-06-10 01:22:19');
INSERT INTO transaction_details VALUES(105,42,1,'Kopi Bali Kintamani',2,8000,18000,36000,'2026-06-10 01:22:19','2026-06-10 01:22:19');
INSERT INTO transaction_details VALUES(106,42,4,'Pie Susu Bali',3,5000,12000,36000,'2026-06-10 01:22:19','2026-06-10 01:22:19');
INSERT INTO transaction_details VALUES(107,42,9,'Klepon Bali',3,4000,10000,30000,'2026-06-10 01:22:19','2026-06-10 01:22:19');
INSERT INTO transaction_details VALUES(108,42,10,'Kerupuk Udang Homemade',1,6000,14000,14000,'2026-06-10 01:22:19','2026-06-10 01:22:19');
INSERT INTO transaction_details VALUES(109,43,5,'Nasi Campur Bali',1,15000,28000,28000,'2026-06-10 01:22:19','2026-06-10 01:22:19');
INSERT INTO transaction_details VALUES(110,43,7,'Lawar Bali',1,13000,26000,26000,'2026-06-10 01:22:19','2026-06-10 01:22:19');
INSERT INTO transaction_details VALUES(111,43,9,'Klepon Bali',3,4000,10000,30000,'2026-06-10 01:22:19','2026-06-10 01:22:19');
INSERT INTO transaction_details VALUES(112,44,1,'Kopi Bali Kintamani',3,8000,18000,54000,'2026-06-10 01:22:19','2026-06-10 01:22:19');
INSERT INTO transaction_details VALUES(113,44,5,'Nasi Campur Bali',1,15000,28000,28000,'2026-06-10 01:22:19','2026-06-10 01:22:19');
INSERT INTO transaction_details VALUES(114,44,7,'Lawar Bali',2,13000,26000,52000,'2026-06-10 01:22:19','2026-06-10 01:22:19');
INSERT INTO transaction_details VALUES(115,44,8,'Jus Mangga Segar',1,7000,15000,15000,'2026-06-10 01:22:19','2026-06-10 01:22:19');
INSERT INTO transaction_details VALUES(116,45,5,'Nasi Campur Bali',2,15000,28000,56000,'2026-06-10 01:22:19','2026-06-10 01:22:19');
INSERT INTO transaction_details VALUES(117,45,8,'Jus Mangga Segar',2,7000,15000,30000,'2026-06-10 01:22:19','2026-06-10 01:22:19');
INSERT INTO transaction_details VALUES(118,45,9,'Klepon Bali',1,4000,10000,10000,'2026-06-10 01:22:19','2026-06-10 01:22:19');
INSERT INTO transaction_details VALUES(119,46,1,'Kopi Bali Kintamani',2,8000,18000,36000,'2026-06-10 01:22:19','2026-06-10 01:22:19');
INSERT INTO transaction_details VALUES(120,46,2,'Es Kopi Susu Bali',1,10000,22000,22000,'2026-06-10 01:22:19','2026-06-10 01:22:19');
INSERT INTO transaction_details VALUES(121,47,2,'Es Kopi Susu Bali',1,10000,22000,22000,'2026-06-10 01:22:19','2026-06-10 01:22:19');
INSERT INTO transaction_details VALUES(122,48,5,'Nasi Campur Bali',2,15000,28000,56000,'2026-06-10 01:22:19','2026-06-10 01:22:19');
INSERT INTO transaction_details VALUES(123,48,10,'Kerupuk Udang Homemade',2,6000,14000,28000,'2026-06-10 01:22:19','2026-06-10 01:22:19');
INSERT INTO transaction_details VALUES(124,49,1,'Kopi Bali Kintamani',3,8000,18000,54000,'2026-06-10 01:22:19','2026-06-10 01:22:19');
INSERT INTO transaction_details VALUES(125,49,2,'Es Kopi Susu Bali',2,10000,22000,44000,'2026-06-10 01:22:19','2026-06-10 01:22:19');
INSERT INTO transaction_details VALUES(126,49,3,'Teh Jawa Manis',1,3000,8000,8000,'2026-06-10 01:22:19','2026-06-10 01:22:19');
INSERT INTO transaction_details VALUES(127,49,8,'Jus Mangga Segar',1,7000,15000,15000,'2026-06-10 01:22:19','2026-06-10 01:22:19');
INSERT INTO transaction_details VALUES(128,50,2,'Es Kopi Susu Bali',3,10000,22000,66000,'2026-06-10 01:22:19','2026-06-10 01:22:19');
INSERT INTO transaction_details VALUES(129,50,4,'Pie Susu Bali',1,5000,12000,12000,'2026-06-10 01:22:19','2026-06-10 01:22:19');
INSERT INTO transaction_details VALUES(130,50,6,'Sate Lilit Ikan',3,12000,25000,75000,'2026-06-10 01:22:19','2026-06-10 01:22:19');
INSERT INTO transaction_details VALUES(131,50,10,'Kerupuk Udang Homemade',1,6000,14000,14000,'2026-06-10 01:22:19','2026-06-10 01:22:19');
INSERT INTO transaction_details VALUES(132,51,3,'Teh Jawa Manis',3,3000,8000,24000,'2026-06-10 01:22:19','2026-06-10 01:22:19');
INSERT INTO transaction_details VALUES(133,51,5,'Nasi Campur Bali',1,15000,28000,28000,'2026-06-10 01:22:19','2026-06-10 01:22:19');
INSERT INTO transaction_details VALUES(134,51,6,'Sate Lilit Ikan',1,12000,25000,25000,'2026-06-10 01:22:19','2026-06-10 01:22:19');
INSERT INTO transaction_details VALUES(135,51,10,'Kerupuk Udang Homemade',3,6000,14000,42000,'2026-06-10 01:22:19','2026-06-10 01:22:19');
INSERT INTO transaction_details VALUES(136,52,5,'Nasi Campur Bali',3,15000,28000,84000,'2026-06-10 01:22:19','2026-06-10 01:22:19');
INSERT INTO transaction_details VALUES(137,52,7,'Lawar Bali',3,13000,26000,78000,'2026-06-10 01:22:19','2026-06-10 01:22:19');
INSERT INTO transaction_details VALUES(138,52,9,'Klepon Bali',3,4000,10000,30000,'2026-06-10 01:22:19','2026-06-10 01:22:19');
INSERT INTO transaction_details VALUES(139,53,3,'Teh Jawa Manis',2,3000,8000,16000,'2026-06-10 01:22:19','2026-06-10 01:22:19');
INSERT INTO transaction_details VALUES(140,53,6,'Sate Lilit Ikan',1,12000,25000,25000,'2026-06-10 01:22:19','2026-06-10 01:22:19');
INSERT INTO transaction_details VALUES(141,53,7,'Lawar Bali',1,13000,26000,26000,'2026-06-10 01:22:19','2026-06-10 01:22:19');
INSERT INTO transaction_details VALUES(142,53,9,'Klepon Bali',2,4000,10000,20000,'2026-06-10 01:22:19','2026-06-10 01:22:19');
INSERT INTO transaction_details VALUES(143,54,3,'Teh Jawa Manis',2,3000,8000,16000,'2026-06-10 01:22:19','2026-06-10 01:22:19');
INSERT INTO transaction_details VALUES(144,54,4,'Pie Susu Bali',1,5000,12000,12000,'2026-06-10 01:22:19','2026-06-10 01:22:19');
INSERT INTO transaction_details VALUES(145,54,6,'Sate Lilit Ikan',2,12000,25000,50000,'2026-06-10 01:22:19','2026-06-10 01:22:19');
INSERT INTO transaction_details VALUES(146,54,10,'Kerupuk Udang Homemade',1,6000,14000,14000,'2026-06-10 01:22:19','2026-06-10 01:22:19');
INSERT INTO transaction_details VALUES(147,55,5,'Nasi Campur Bali',1,15000,28000,28000,'2026-06-10 01:22:19','2026-06-10 01:22:19');
INSERT INTO transaction_details VALUES(148,56,1,'Kopi Bali Kintamani',3,8000,18000,54000,'2026-06-10 01:22:19','2026-06-10 01:22:19');
INSERT INTO transaction_details VALUES(149,56,5,'Nasi Campur Bali',3,15000,28000,84000,'2026-06-10 01:22:19','2026-06-10 01:22:19');
INSERT INTO transaction_details VALUES(150,56,6,'Sate Lilit Ikan',3,12000,25000,75000,'2026-06-10 01:22:19','2026-06-10 01:22:19');
INSERT INTO transaction_details VALUES(151,57,6,'Sate Lilit Ikan',2,12000,25000,50000,'2026-06-10 01:22:19','2026-06-10 01:22:19');
INSERT INTO transaction_details VALUES(152,57,7,'Lawar Bali',1,13000,26000,26000,'2026-06-10 01:22:19','2026-06-10 01:22:19');
INSERT INTO transaction_details VALUES(153,58,1,'Kopi Bali Kintamani',3,8000,18000,54000,'2026-06-10 01:22:19','2026-06-10 01:22:19');
INSERT INTO transaction_details VALUES(154,58,5,'Nasi Campur Bali',2,15000,28000,56000,'2026-06-10 01:22:19','2026-06-10 01:22:19');
INSERT INTO transaction_details VALUES(155,58,10,'Kerupuk Udang Homemade',1,6000,14000,14000,'2026-06-10 01:22:19','2026-06-10 01:22:19');
INSERT INTO transaction_details VALUES(156,59,10,'Kerupuk Udang Homemade',2,6000,14000,28000,'2026-06-10 01:22:19','2026-06-10 01:22:19');
INSERT INTO transaction_details VALUES(157,60,2,'Es Kopi Susu Bali',2,10000,22000,44000,'2026-06-10 01:22:19','2026-06-10 01:22:19');
INSERT INTO transaction_details VALUES(158,60,4,'Pie Susu Bali',3,5000,12000,36000,'2026-06-10 01:22:19','2026-06-10 01:22:19');
INSERT INTO transaction_details VALUES(159,60,7,'Lawar Bali',2,13000,26000,52000,'2026-06-10 01:22:19','2026-06-10 01:22:19');
INSERT INTO transaction_details VALUES(160,60,8,'Jus Mangga Segar',3,7000,15000,45000,'2026-06-10 01:22:19','2026-06-10 01:22:19');
INSERT INTO transaction_details VALUES(161,61,4,'Pie Susu Bali',1,5000,12000,12000,'2026-06-10 01:22:19','2026-06-10 01:22:19');
INSERT INTO transaction_details VALUES(162,61,8,'Jus Mangga Segar',2,7000,15000,30000,'2026-06-10 01:22:19','2026-06-10 01:22:19');
INSERT INTO transaction_details VALUES(163,62,6,'Sate Lilit Ikan',2,12000,25000,50000,'2026-06-10 01:22:19','2026-06-10 01:22:19');
INSERT INTO transaction_details VALUES(164,62,9,'Klepon Bali',1,4000,10000,10000,'2026-06-10 01:22:19','2026-06-10 01:22:19');
INSERT INTO transaction_details VALUES(165,63,6,'Sate Lilit Ikan',2,12000,25000,50000,'2026-06-10 01:22:19','2026-06-10 01:22:19');
INSERT INTO transaction_details VALUES(166,64,2,'Es Kopi Susu Bali',3,10000,22000,66000,'2026-06-10 01:22:19','2026-06-10 01:22:19');
INSERT INTO transaction_details VALUES(167,64,6,'Sate Lilit Ikan',3,12000,25000,75000,'2026-06-10 01:22:19','2026-06-10 01:22:19');
INSERT INTO transaction_details VALUES(168,64,9,'Klepon Bali',2,4000,10000,20000,'2026-06-10 01:22:19','2026-06-10 01:22:19');
INSERT INTO transaction_details VALUES(169,65,2,'Es Kopi Susu Bali',2,10000,22000,44000,'2026-06-10 01:22:19','2026-06-10 01:22:19');
INSERT INTO transaction_details VALUES(170,65,6,'Sate Lilit Ikan',3,12000,25000,75000,'2026-06-10 01:22:19','2026-06-10 01:22:19');
INSERT INTO transaction_details VALUES(171,65,7,'Lawar Bali',3,13000,26000,78000,'2026-06-10 01:22:19','2026-06-10 01:22:19');
INSERT INTO transaction_details VALUES(172,66,6,'Sate Lilit Ikan',3,12000,25000,75000,'2026-06-10 01:22:19','2026-06-10 01:22:19');
INSERT INTO transaction_details VALUES(173,67,4,'Pie Susu Bali',3,5000,12000,36000,'2026-06-10 01:22:19','2026-06-10 01:22:19');
INSERT INTO transaction_details VALUES(174,68,3,'Teh Jawa Manis',2,3000,8000,16000,'2026-06-10 01:22:19','2026-06-10 01:22:19');
INSERT INTO transaction_details VALUES(175,68,6,'Sate Lilit Ikan',1,12000,25000,25000,'2026-06-10 01:22:19','2026-06-10 01:22:19');
INSERT INTO transaction_details VALUES(176,68,10,'Kerupuk Udang Homemade',2,6000,14000,28000,'2026-06-10 01:22:19','2026-06-10 01:22:19');
INSERT INTO sqlite_sequence VALUES('migrations',7);
INSERT INTO sqlite_sequence VALUES('users',2);
INSERT INTO sqlite_sequence VALUES('businesses',1);
INSERT INTO sqlite_sequence VALUES('products',10);
INSERT INTO sqlite_sequence VALUES('transactions',68);
INSERT INTO sqlite_sequence VALUES('transaction_details',176);
CREATE INDEX "sessions_user_id_index" on "sessions" ("user_id");
CREATE INDEX "sessions_last_activity_index" on "sessions" ("last_activity");
CREATE INDEX "cache_expiration_index" on "cache" ("expiration");
CREATE INDEX "cache_locks_expiration_index" on "cache_locks" ("expiration");
CREATE INDEX "jobs_queue_index" on "jobs" ("queue");
CREATE INDEX "failed_jobs_connection_queue_failed_at_index" on "failed_jobs" ("connection", "queue", "failed_at");
CREATE UNIQUE INDEX "failed_jobs_uuid_unique" on "failed_jobs" ("uuid");
CREATE UNIQUE INDEX "users_email_unique" on "users" ("email");
CREATE UNIQUE INDEX "transactions_invoice_number_unique" on "transactions" ("invoice_number");
COMMIT;
